cluster,n_ocorrencias_cluster,antecedents,consequents,support,confidence,lift
0,15648,causa=Acessar a via sem observar a presença dos outros veículos,tipo_acidente=Colisão Transversal,0.09592280163599182,0.7689549180327869,4.2759795868433015
0,15648,tracado_via=Interseção de Vias,tipo_acidente=Colisão Transversal,0.05291411042944785,0.6211552888222055,3.454100198823693
0,15648,tracado_via=Interseção de Vias,uso_solo=Sim,0.05374488752556237,0.6309077269317329,2.0885221305326334
0,15648,tipo_acidente=Colisão Transversal,uso_solo=Sim,0.10423057259713701,0.5796019900497512,1.9186824498198662
0,15648,causa=Acessar a via sem observar a presença dos outros veículos,uso_solo=Sim,0.07048824130879346,0.5650614754098361,1.8705483323911816
0,15648,clima=Sol,fase_dia=Pleno dia,0.05221114519427403,0.9703087885985748,1.8308684340999035
0,15648,tipo_acidente=Saída de leito carroçável,tracado_via=Curva,0.06058282208588957,0.33978494623655914,1.563810246679317
0,15648,tipo_acidente=Saída de leito carroçável,uso_solo=Não,0.1604038854805726,0.899641577060932,1.2890386775798428
0,15648,causa=Velocidade Incompatível,uso_solo=Não,0.05987985685071574,0.87243947858473,1.2500625364796132
0,15648,tracado_via=Curva,uso_solo=Não,0.18698875255623723,0.8605882352941177,1.233081650570676
0,15648,tipo_acidente=Colisão traseira,tracado_via=Reta,0.1072980572597137,0.83201189296333,1.2121145238888547
0,15648,tipo_acidente=Colisão Transversal,fase_dia=Pleno dia,0.11394427402862986,0.6336176261549396,1.1955683846705045
0,15648,tracado_via=Declive,uso_solo=Não,0.10512525562372188,0.8225,1.1785074626865673
0,15648,tipo_acidente=Colisão frontal,fase_dia=Plena Noite,0.050677402862985686,0.42726293103448276,1.1781163603220415
0,15648,classificacao=Com Vítimas Fatais,uso_solo=Não,0.07892382413087934,0.8216899534264803,1.1773467989394346
1,44550,causa=Acessar a via sem observar a presença dos outros veículos,tipo_acidente=Colisão Transversal,0.050662177328843996,0.590992406389107,5.240587520826974
1,44550,causa=Condutor deixou de manter distância do veículo da frente,tipo_acidente=Colisão traseira,0.056767676767676765,0.7502224859092258,3.2699747331235702
1,44550,tipo_acidente=Colisão Transversal,tipo_pista=Simples,0.05815937149270482,0.5157245222929936,2.1281518588507655
1,44550,clima=Sol,fase_dia=Pleno dia,0.05429854096520763,0.9801458670988655,1.7226407755741857
1,44550,tipo_acidente=Saída de leito carroçável,uso_solo=Não,0.08511784511784512,0.7172309438244752,1.5877087476959189
1,44550,tracado_via=Curva,uso_solo=Não,0.11277216610549944,0.685215493726132,1.5168372792794624
1,44550,causa=Ausência de reação do condutor,tipo_acidente=Colisão traseira,0.052053872053872054,0.3339573732718894,1.4556110927759194
1,44550,tracado_via=Interseção de Vias,uso_solo=Sim,0.055218855218855216,0.787704130643612,1.4367336343980723
1,44550,tipo_pista=Múltipla,uso_solo=Sim,0.11405162738496072,0.7472058823529412,1.3628668191944127
1,44550,clima=Chuva,uso_solo=Não,0.06222222222222222,0.607095926412615,1.3439067588413416
1,44550,tipo_acidente=Colisão Transversal,uso_solo=Sim,0.08231200897867565,0.7298964968152867,1.331295350383665
1,44550,tracado_via=Declive,uso_solo=Não,0.05674523007856341,0.5847790885958825,1.2945047650656678
1,44550,causa=Acessar a via sem observar a presença dos outros veículos,uso_solo=Sim,0.05876543209876543,0.6855197695731866,1.2503543801222299
1,44550,classificacao=Sem Vítimas,fase_dia=Plena Noite,0.06493827160493827,0.4099475697888621,1.2298427093665865
1,44550,tipo_acidente=Colisão lateral mesmo sentido,uso_solo=Sim,0.09494949494949495,0.6661417322834646,1.2150097921485505
